,Domain
0,Security and privacy
1,Security and privacy
2,Security and privacy
3,Security and privacy
4,Security and privacy
5,Security and privacy
6,Security and privacy
7,Security and privacy
8,Security and privacy
9,Security and privacy
10,Security and privacy
11,Security and privacy
12,Security and privacy
13,Security and privacy
14,Security and privacy
15,Security and privacy
16,Security and privacy
17,Security and privacy
18,Security and privacy
19,Security and privacy
20,Security and privacy
21,Security and privacy
22,Security and privacy
23,Security and privacy
24,Security and privacy
25,Security and privacy
26,Security and privacy
27,Security and privacy
28,Security and privacy
29,Security and privacy
30,Machine learning
31,Machine learning
32,Machine learning
33,Machine learning
34,Machine learning
35,Machine learning
36,Machine learning
37,Machine learning
38,Machine learning
39,Machine learning
40,Machine learning
41,Machine learning
42,Machine learning
43,Machine learning
44,Machine learning
45,Machine learning
46,Machine learning
47,Machine learning
48,Machine learning
49,Machine learning
50,Machine learning
51,Machine learning
52,Machine learning
53,Machine learning
54,Machine learning
55,Machine learning
56,Machine learning
57,Machine learning
58,Machine learning
59,Machine learning
60,Machine learning
61,Machine learning
62,Computer vision and pattern recognition
63,Computer vision and pattern recognition
64,Computer vision and pattern recognition
65,Computer vision and pattern recognition
66,Computer vision and pattern recognition
67,Computer vision and pattern recognition
68,Computer vision and pattern recognition
69,Computer vision and pattern recognition
70,Computer vision and pattern recognition
71,Computer vision and pattern recognition
72,Computer vision and pattern recognition
73,Computer vision and pattern recognition
74,Computer vision and pattern recognition
75,Computer vision and pattern recognition
76,Computer vision and pattern recognition
77,Computer vision and pattern recognition
78,Computer vision and pattern recognition
79,Computer vision and pattern recognition
80,Computer vision and pattern recognition
81,Computer vision and pattern recognition
82,Computer vision and pattern recognition
83,Computer vision and pattern recognition
84,Computer vision and pattern recognition
85,Computer vision and pattern recognition
86,Computer vision and pattern recognition
87,Computer vision and pattern recognition
88,Computer vision and pattern recognition
89,Computer vision and pattern recognition
90,Computer vision and pattern recognition
91,Computer vision and pattern recognition
92,Computer vision and pattern recognition
93,Computer vision and pattern recognition
94,Computer vision and pattern recognition
95,Computer vision and pattern recognition
96,Computer vision and pattern recognition
97,Computer vision and pattern recognition
98,Computer vision and pattern recognition
99,Computer vision and pattern recognition
100,Computer vision and pattern recognition
101,Computer vision and pattern recognition
102,Computer vision and pattern recognition
103,Computer vision and pattern recognition
104,Computer vision and pattern recognition
105,Computer vision and pattern recognition
106,Computer vision and pattern recognition
107,Computer vision and pattern recognition
108,Computer vision and pattern recognition
109,Computer vision and pattern recognition
110,Computer vision and pattern recognition
111,Computer vision and pattern recognition
112,Computer vision and pattern recognition
113,Computer vision and pattern recognition
114,Computer vision and pattern recognition
115,Computer vision and pattern recognition
116,Computer vision and pattern recognition
117,Computer vision and pattern recognition
118,Computer vision and pattern recognition
119,Computer vision and pattern recognition
120,Computer vision and pattern recognition
121,Computer architecture
122,Computer architecture
123,Computer architecture
124,Computer architecture
125,Computer architecture
126,Computer architecture
127,Computer architecture
128,Computer architecture
129,Computer architecture
130,Computer architecture
131,Computer architecture
132,Computer architecture
133,Computer architecture
134,Computer architecture
135,Computer architecture
136,Microarchitecture
137,Microarchitecture
138,Microarchitecture
139,Microarchitecture
140,Microarchitecture
141,Microarchitecture
142,Microarchitecture
143,Microarchitecture
144,Microarchitecture
145,Microarchitecture
146,Microarchitecture
147,Microarchitecture
148,Microarchitecture
149,Microarchitecture
150,Microarchitecture
151,Microarchitecture
152,VLSI
153,VLSI
154,VLSI
155,VLSI
156,VLSI
157,VLSI
158,On-Line Testing and Robust System Design
159,On-Line Testing and Robust System Design
160,On-Line Testing and Robust System Design
161,On-Line Testing and Robust System Design
162,On-Line Testing and Robust System Design
163,On-Line Testing and Robust System Design
164,On-Line Testing and Robust System Design
165,On-Line Testing and Robust System Design
166,On-Line Testing and Robust System Design
167,On-Line Testing and Robust System Design
168,On-Line Testing and Robust System Design
169,On-Line Testing and Robust System Design
170,On-Line Testing and Robust System Design
171,On-Line Testing and Robust System Design
172,On-Line Testing and Robust System Design
173,On-Line Testing and Robust System Design
174,On-Line Testing and Robust System Design
175,On-Line Testing and Robust System Design
176,On-Line Testing and Robust System Design
177,On-Line Testing and Robust System Design
178,On-Line Testing and Robust System Design
179,On-Line Testing and Robust System Design
180,On-Line Testing and Robust System Design
181,On-Line Testing and Robust System Design
182,On-Line Testing and Robust System Design
183,Trusted computing and communications
184,Trusted computing and communications
185,Trusted computing and communications
186,Trusted computing and communications
187,Trusted computing and communications
188,Trusted computing and communications
189,Trusted computing and communications
190,Trusted computing and communications
191,Trusted computing and communications
192,Trusted computing and communications
193,Trusted computing and communications
194,Trusted computing and communications
195,Trusted computing and communications
196,Trusted computing and communications
197,Trusted computing and communications
198,Trusted computing and communications
199,Trusted computing and communications
200,Trusted computing and communications
201,Trusted computing and communications
202,Trusted computing and communications
203,Trusted computing and communications
204,Trusted computing and communications
205,Trusted computing and communications
206,Trusted computing and communications
207,Trusted computing and communications
208,Trusted computing and communications
209,Trusted computing and communications
210,Trusted computing and communications
211,Trusted computing and communications
212,Trusted computing and communications
213,Trusted computing and communications
214,Trusted computing and communications
215,Trusted computing and communications
216,Trusted computing and communications
217,Trusted computing and communications
218,Trusted computing and communications
219,Trusted computing and communications
220,Trusted computing and communications
221,Trusted computing and communications
222,Trusted computing and communications
223,Trusted computing and communications
224,Trusted computing and communications
225,Trusted computing and communications
226,Trusted computing and communications
227,Trusted computing and communications
228,Trusted computing and communications
229,Trusted computing and communications
230,Trusted computing and communications
231,Trusted computing and communications
232,Trusted computing and communications
233,Trusted computing and communications
234,Trusted computing and communications
235,Trusted computing and communications
236,Trusted computing and communications
237,Trusted computing and communications
238,Trusted computing and communications
239,Trusted computing and communications
240,Trusted computing and communications
241,Trusted computing and communications
242,Trusted computing and communications
243,Trusted computing and communications
244,Trusted computing and communications
245,Trusted computing and communications
246,Trusted computing and communications
247,Trusted computing and communications
248,Trusted computing and communications
249,Trusted computing and communications
250,Trusted computing and communications
251,"Manufactering, design, and EDA"
252,"Manufactering, design, and EDA"
253,"Manufactering, design, and EDA"
254,"Manufactering, design, and EDA"
255,"Manufactering, design, and EDA"
256,"Manufactering, design, and EDA"
257,"Manufactering, design, and EDA"
258,"Manufactering, design, and EDA"
259,"Manufactering, design, and EDA"
260,"Manufactering, design, and EDA"
261,"Manufactering, design, and EDA"
262,"Manufactering, design, and EDA"
263,"Manufactering, design, and EDA"
264,"Manufactering, design, and EDA"
265,"Manufactering, design, and EDA"
266,"Manufactering, design, and EDA"
267,"Manufactering, design, and EDA"
268,"Manufactering, design, and EDA"
269,"Manufactering, design, and EDA"
270,"Manufactering, design, and EDA"
271,"Manufactering, design, and EDA"
272,"Manufactering, design, and EDA"
273,"Manufactering, design, and EDA"
274,"Manufactering, design, and EDA"
275,"Manufactering, design, and EDA"
276,"Manufactering, design, and EDA"
277,"Manufactering, design, and EDA"
278,"Manufactering, design, and EDA"
279,"Manufactering, design, and EDA"
280,"Manufactering, design, and EDA"
281,"Manufactering, design, and EDA"
282,"Manufactering, design, and EDA"
283,"Manufactering, design, and EDA"
284,"Manufactering, design, and EDA"
285,"Manufactering, design, and EDA"
286,"Manufactering, design, and EDA"
287,"Manufactering, design, and EDA"
288,"Manufactering, design, and EDA"
289,"Manufactering, design, and EDA"
290,"Manufactering, design, and EDA"
291,"Manufactering, design, and EDA"
292,"Manufactering, design, and EDA"
293,"Manufactering, design, and EDA"
294,"Manufactering, design, and EDA"
295,"Manufactering, design, and EDA"
296,"Manufactering, design, and EDA"
297,"Manufactering, design, and EDA"
298,"Manufactering, design, and EDA"
299,"Manufactering, design, and EDA"
300,"Manufactering, design, and EDA"
301,"Manufactering, design, and EDA"
302,"Manufactering, design, and EDA"
303,"Manufactering, design, and EDA"
304,"Manufactering, design, and EDA"
305,"Manufactering, design, and EDA"
306,"Manufactering, design, and EDA"
307,"Manufactering, design, and EDA"
308,"Manufactering, design, and EDA"
309,"Manufactering, design, and EDA"
310,"Manufactering, design, and EDA"
311,"Manufactering, design, and EDA"
312,"Manufactering, design, and EDA"
313,"Manufactering, design, and EDA"
314,"Manufactering, design, and EDA"
315,"Manufactering, design, and EDA"
316,"Manufactering, design, and EDA"
317,"Manufactering, design, and EDA"
318,"Manufactering, design, and EDA"
319,"Manufactering, design, and EDA"
320,"Manufactering, design, and EDA"
321,"Manufactering, design, and EDA"
322,"Manufactering, design, and EDA"
323,"Manufactering, design, and EDA"
324,"Manufactering, design, and EDA"
325,"Manufactering, design, and EDA"
326,"Manufactering, design, and EDA"
327,"Manufactering, design, and EDA"
328,"Manufactering, design, and EDA"
329,"Manufactering, design, and EDA"
330,Field-programmable devices
331,Field-programmable devices
332,Field-programmable devices
333,Field-programmable devices
334,Field-programmable devices
335,Field-programmable devices
336,Field-programmable devices
337,Field-programmable devices
338,Field-programmable devices
339,Field-programmable devices
340,Field-programmable devices
341,Field-programmable devices
342,Field-programmable devices
343,Field-programmable devices
344,Field-programmable devices
345,Field-programmable devices
346,Field-programmable devices
347,Field-programmable devices
348,Field-programmable devices
349,Field-programmable devices
350,Field-programmable devices
351,Field-programmable devices
352,Field-programmable devices
353,Field-programmable devices
354,Field-programmable devices
355,Field-programmable devices
356,Field-programmable devices
